"","model","all_ok","aic","delta"
"unlist.sanity.m1..2","avNASC-base-sm_depth-tweedie-log-spatial-on-spatiotemp-iid-Aniso-NoDepth-746-knots",TRUE,15875.9770989139,2.64468392894923
"unlist.sanity.m1..","avNASC-base-no_depth-tweedie-log-spatial-on-spatiotemp-iid-Aniso-NoDepth-746-knots",TRUE,15935.5103314126,62.1779164276122
"unlist.sanity.m1..9","avNASC-sm_day-sm_depth-linear_phyto-tweedie-log-spatial-on-spatiotemp-off-Aniso-NoDepth-746-knots",TRUE,16012.2876382226,138.955223237614
"unlist.sanity.m1..7","avNASC-sm_day-sm_depth-gam_phyto-tweedie-log-spatial-on-spatiotemp-off-Aniso-NoDepth-746-knots",TRUE,16014.0690519926,140.736637007614
"unlist.sanity.m1..11","avNASC-sm_day-sm_depth-tweedie-log-spatial-on-spatiotemp-off-Aniso-NoDepth-746-knots",TRUE,16022.7800947407,149.447679755738
"unlist.sanity.m1..3","avNASC-base-sm_depth-tweedie-log-spatial-on-spatiotemp-off-Aniso-NoDepth-746-knots",TRUE,16039.0670317421,165.73461675719
"unlist.sanity.m1..5","avNASC-sm_day-no_depth-tweedie-log-spatial-on-spatiotemp-off-Aniso-NoDepth-746-knots",TRUE,16079.0052857896,205.672870804608
"unlist.sanity.m1..1","avNASC-base-no_depth-tweedie-log-spatial-on-spatiotemp-off-Aniso-NoDepth-746-knots",TRUE,16090.8904313952,217.558016410248
